ID,Name
5b19d34faf4ff60011d6ea52,Nguyen Tat Thanh - Ton Dan
63ae777cbfd3d90017e8f177,Nguyen Tat Thanh - Doan Nhu Hai
5deb576d1dc17d7c5515ad0f,Nguyen Thi Minh Khai - Truong Dinh
58af994abd82540010390c37,Nguyen Huu Canh - Ton Duc Thang
5deb576d1dc17d7c5515ad01,Vo Thi Sau - Hai Ba Trung
6623e7b76f998a001b25242d,Dinh Bo Linh - Bui Dinh Tuy
5a6060e08576340017d0660f,Nguyen Thai Son - Phan Van Tri 2
595d9b3b3dcfc400106f287e,Quoc Lo 1 - An Phu Dong 12
63b66051bfd3d90017eaa4a3,No Trang Long - Phan Van Tri
5a8253bc5058170011f6eac1,Dinh Bo Linh - Bach Dang 2
66b1c426779f74001867415e,Dien Bien Phu - Nguyen Gia Tri
6623ecc16f998a001b25269e,Nguyen Oanh - Nguyen Van Luong
6623ee176f998a001b25270c,Phan Van Tri - Le Duc Tho
5d8cd70e766c88001718894e,Pham Van Dong - Nguyen Xi
